{"a":[{"hh":0,"jj":true,"ff":0,"nn":0,"bb":[1,1],"pp":[0,0],"tt":0,"pv":true,"jr":0,"lw":false,"transparent":false,"si":2,"qn":0,"cb":[1,1],"gg":0,"ii":1,"kk":5000,"ee":"qingtongH2","mm":[0,0],"cc":[1,1],"qq":[0,0],"uu":0,"a":0,"b":[1,1,1],"ad":0,"c":0,"cf":2,"d":[0,0,0],"os":false,"cg":[0,0],"e":1,"g":0,"h":0,"i":1,"j":1,"cn":0,"q":1,"t":[1,1],"u":[1,1],"x":[0,0],"y":3,"z":4,"rm":false}],"b":{"0":"39193bed-6659-4ef1-94c5-739a4531fe48.basis","1":"3f8a8304-666e-484c-9f4c-355aae55df9e.basis","2":"67a7-1642001850419-11335.png","3":"2f65-1642001806555-47812.png","4":"454f-1639412725944-82916.png"},"c":{},"z":{"0":"https://laozi-model.obs.cn-east-2.myhuaweicloud.com/mapping/fce6e16c-ec0e-4ade-9d76-bdb39984a45c.png","1":"https://laozi-model.obs.cn-east-2.myhuaweicloud.com/mapping/a5a63a62-feac-4d14-8612-514dd35bae99.png","2":"https://laozi-model.obs.cn-east-2.myhuaweicloud.com/mapping/67a7-1642001850419-11335.png?time=1642001865086","3":"https://laozi-model.obs.cn-east-2.myhuaweicloud.com/mapping/2f65-1642001806555-47812.png?time=1642001811179","4":"https://laozi-model.obs.cn-east-2.myhuaweicloud.com/mapping/454f-1639412725944-82916.png?time=1642001827378"},"ed":true}