{"a":[{"hh":0,"jj":true,"ff":0,"pv":true,"jr":0,"lw":false,"transparent":false,"si":0,"qn":0,"gg":0,"ii":1,"kk":3000,"ee":"pig_yuanbaorou","a":7,"b":[1,1,1],"ad":0,"c":9,"d":[0,0,0],"os":false,"e":1,"g":0,"h":0,"i":1,"j":1,"t":["9","9"],"x":[0,0],"rm":false},{"hh":0,"jj":true,"ff":0,"pv":true,"jr":0,"lw":false,"transparent":false,"si":0,"qn":0,"gg":0,"ii":1,"kk":2000,"ee":"pig_houtun","a":6,"b":[1,1,1],"ad":0,"c":8,"d":[0,0,0],"os":false,"e":1,"g":0,"h":0,"i":1,"j":1,"t":["7","7"],"x":[0,0],"rm":false},{"hh":0,"jj":true,"ff":0,"pv":true,"jr":0,"lw":false,"transparent":false,"si":0,"qn":0,"gg":0,"ii":1,"kk":2000,"ee":"pig_huangguatiao","a":5,"b":[1,1,1],"ad":0,"c":7,"d":[0,0,0],"os":false,"e":1,"g":0,"h":0,"i":1,"j":1,"t":["8","8"],"x":[0,0],"rm":false},{"hh":0,"jj":true,"ff":0,"pv":true,"jr":0,"lw":false,"transparent":false,"si":0,"qn":0,"gg":0,"ii":1,"kk":2000,"ee":"pig_liji","a":4,"b":[1,1,1],"ad":0,"c":6,"d":[0,0,0],"os":false,"e":1,"g":0,"h":0,"i":1,"j":1,"t":["6","6"],"x":[0,0],"rm":false},{"hh":0,"jj":true,"ff":1.5707963267948966,"pv":true,"jr":0,"lw":false,"transparent":false,"si":0,"qn":0,"gg":0,"ii":1,"kk":2000,"ee":"pig_jiaxinrou","a":3,"b":[1,1,1],"ad":0,"c":5,"d":[0,0,0],"os":false,"e":1,"g":0,"h":0,"i":1,"j":1,"t":["6","6"],"x":[0,0],"rm":false},{"hh":0,"jj":true,"ff":0,"pv":true,"jr":0,"lw":false,"transparent":false,"si":0,"qn":0,"gg":0,"ii":1,"kk":2000,"ee":"inside","a":2,"b":[1,1,1],"ad":0,"c":4,"d":[0,0,0],"os":false,"e":1,"g":0,"h":0,"i":1,"j":1,"t":[1,1],"x":[0,0],"rm":false},{"hh":0,"jj":true,"ff":0,"pv":true,"jr":0,"lw":false,"transparent":false,"si":0,"qn":0,"gg":0,"ii":1,"kk":2000,"ee":"aiStandardSurface1","cc":[1,1],"qq":[0,0],"uu":0,"a":1,"b":[1,1,1],"ad":0,"c":2,"d":[0,0,0],"os":false,"e":1,"g":0,"h":0,"i":0,"j":1,"t":[1,1],"x":[0,0],"z":3,"rm":false},{"hh":0,"jj":true,"ff":0,"nn":0,"pv":true,"jr":0,"lw":false,"transparent":false,"si":0,"qn":0,"gg":0,"ii":1,"kk":2000,"ee":"aiStandardSurface2","mm":[0,0],"a":0,"b":[1,1,1],"ad":0,"c":0,"d":[0,0,0],"os":false,"e":1,"g":0,"h":0,"i":1,"j":1,"q":1,"t":[1,1],"u":[1,1],"x":[0,0],"rm":false}],"b":{"0":"d1940d2f-74d0-4431-aa9e-20b72c3cb103.basis","1":"1615-1639810642702-20473.jpg","2":"559808fe-36cc-404d-9ab1-e03dffd081b8.basis","3":"1671-1639810564023-35924.jpg","4":"d43662cc-5a3b-4bfc-a20b-67c140e7bdd0.basis","5":"397495d3-c142-4f97-be98-7ec01584a925.basis","6":"043183bc-4149-4c7e-b944-1e479be3b44e.basis","7":"ea48f923-6b04-49dc-9659-291b9b0312e9.basis","8":"f9c75a07-f330-49f2-8d1d-5eb455686dba.basis","9":"a362af9e-af22-4b44-b22f-890b758b1789.basis"},"c":{},"z":{"0":"https://laozi-model.obs.cn-east-2.myhuaweicloud.com/mapping/6bfd4427-15a9-4ad7-be00-95cab1ce2f27.jpg","1":"https://laozi-model.obs.cn-east-2.myhuaweicloud.com/mapping/1615-1639810642702-20473.jpg?time=1639810647033","2":"https://laozi-model.obs.cn-east-2.myhuaweicloud.com/mapping/3b25dd3b-e03e-4cc8-b156-6e07238d25a0.jpg","3":"https://laozi-model.obs.cn-east-2.myhuaweicloud.com/mapping/1671-1639810564023-35924.jpg?time=1639810567375","4":"https://laozi-model.obs.cn-east-2.myhuaweicloud.com/mapping/fe323006-5832-4923-b276-7bb65904bf2e.jpg","5":"https://laozi-model.obs.cn-east-2.myhuaweicloud.com/mapping/ff813918-ecd6-40c1-98f1-e9e48b35f69b.jpg","6":"https://laozi-model.obs.cn-east-2.myhuaweicloud.com/mapping/b12779fa-fe70-43ad-bca5-953dc94a5183.jpg","7":"https://laozi-model.obs.cn-east-2.myhuaweicloud.com/mapping/0574eef2-e92c-4808-af86-96d9b49c7e39.jpg","8":"https://laozi-model.obs.cn-east-2.myhuaweicloud.com/mapping/381d6181-450a-4e9b-9eb8-9487bf82dacc.jpg","9":"https://laozi-model.obs.cn-east-2.myhuaweicloud.com/mapping/500f65b5-a091-4ae0-bf45-129066099a51.jpg"},"ed":true}